Agricultural Plots (Id),Agricultural Tasks,Agricultural Crops,Precipitation (mm),Air Temperature (Â°C),Relative Humidity (%),Atmospheric Pressure (hPa),Wind Speed (km/h),Cloud Cover (%),Sunshine Duration (h),Visibility (m)
5,Prune,Peanuts,386.5205461567169,-71.43270979014547,61.092020128982526,976.5691143680076,184.64229790225517,62.43518031821659,1.4869393644372426,49488.4990959386
10,Prick,Plantain,236.37976807535796,-15.890262307539755,92.92184774873164,1054.8249877974176,188.36804645039683,54.62382710400207,20.55773985751727,69812.77209505098
6,Prune,Coffee,806.7834439695678,46.99200874732695,35.69125698822501,988.6816474027968,199.94180611458123,17.08122514379489,19.82319290126362,2075.585664382085
10,Sow,Cocoyam,1022.9633031407832,-5.048891674601023,36.95893139927166,978.3675028412258,57.908684063423046,94.0650263899459,1.4190656992189554,2258.381404780629
8,Sow,Peanuts,1150.9000651783088,51.48436500715452,48.2835519373889,1033.8191150016207,280.36139255740693,88.4489971677571,20.636197492270192,17432.357451461423
6,Irrigate,Coffee,1168.7284251305955,-82.36951618076382,52.86914830537369,1063.5592449300952,119.76899901519,94.13880187409822,16.942176061699772,20835.346524727483
1,Irrigate,Peanuts,552.5018871965807,-65.32387378379111,78.82908705267185,945.8314349550824,77.66642401123013,94.7264579361086,17.647666988925018,38325.19417469357
7,Prick,Beans,300.14062793798047,-30.27450888504552,10.137840787922492,903.9134792627392,230.32159735486985,69.1947405113013,0.2697829596070669,16376.556205744464
1,Weed,Beans,1169.0831945288885,-80.7559734943494,97.7902564224675,977.9683621129498,138.64959889579828,65.28321213838507,8.378440175200112,72148.26717411652
10,Prick,Peanuts,923.2049809381064,20.587887479894405,51.01391213695177,982.1263944133218,110.57651503862256,43.47427758942936,15.25841381192176,99891.73185086148
2,Harvest,Plantain,20.473732094692497,-29.03035019582944,70.39504419800501,958.1912171487672,7.013815696107906,91.15584189295072,2.1138955711665703,47804.76586517257
1,Hoe,Peanuts,716.0628497069289,36.857291232775296,32.277510314537494,940.763612102566,125.2516853302282,38.97240545038071,13.39678743073026,32199.44928724071
1,Prune,Tomatoes,620.0558590624338,-38.52451659058452,37.92510034077428,919.847891993997,123.50302303881406,21.558291715857614,5.830929978094165,71637.85066076735
3,Harvest,Peanuts,567.808205188461,-88.58669841958833,30.079493420190676,958.2167743684772,176.63526549047654,7.628642430238674,3.087511707257681,93625.61322600611
2,Harvest,Cocoyam,1696.8521599923868,-88.12246849078178,93.41500583619693,961.0350128479914,113.9622112631894,78.30077015910956,13.477406404753337,45130.83078593107
10,Weed,Plantain,1490.4022356126409,-73.7227835757073,90.31162304991356,1062.0561160133257,160.08733087364223,99.94131989970106,19.271780881775157,11327.215345155671
6,Prick,Beans,1191.0487289490904,0.4560939779845654,64.96684026217433,1008.2810651416556,41.72360444565305,31.726204310294506,11.318429069954568,6765.023336049802
1,Sow,Coffee,874.9679036305622,-5.573310641899639,14.74446160453634,945.5788721855045,48.09433064101566,8.021443744522527,5.764643151347088,2965.1100142467744
6,Irrigate,Plantain,1720.6260940831426,-33.478815532421805,34.327781670136574,1056.1167938997974,287.1885746783588,79.68638041539235,10.05188231650204,43619.52096411089
6,Hoe,Cocoyam,1629.4839768831323,53.69513049139171,65.27951285222345,933.8397507745289,250.4825549144313,52.0419585397081,23.877067108970834,34190.19860302531
5,Weed,Plantain,616.0552595720388,-87.77075244225937,45.48359362203456,946.4507412600682,194.90988725937223,59.70852927683515,8.49826855740401,10560.976413920289
10,Harvest,Plantain,835.1500769548853,23.73825936938151,32.41648931413227,1066.2375688492743,114.44296308867963,15.85795019378252,1.149837489945841,58006.24344142587
7,Harvest,Peanuts,1451.8186130209144,-22.00534267254264,92.19378040254004,973.6563720737552,137.45759823787256,48.33540057420381,9.095115270045842,99781.94491989682
10,Sow,Cocoyam,559.8747336538643,4.812592838411632,16.983692459111566,1002.4332327574128,3.173245556545601,68.3315867645439,2.4525972594009118,23343.41481793556
7,Prick,Cocoyam,1755.6641023143018,-7.626293983937259,66.04545163369832,893.8648580012043,122.7798960221946,63.2568466163988,9.8984832804416,28368.73483727319
9,Harvest,Peanuts,341.8701196437649,-79.29913397639396,25.89758789623769,880.7620549702012,164.1579999184004,40.9311945844084,16.564066427704454,22396.9578037423
9,Irrigate,Cocoyam,797.2631133361429,39.32611068847935,50.027552378433015,1064.9778684317491,196.8025678360297,66.42312928563075,11.519740013279918,49994.20090562695
6,Prick,Cocoyam,329.79592003741874,43.73960956574133,12.42457654512352,922.935558355898,124.39243329106796,84.19002788784188,10.927111341982071,94770.9533151215
1,Sow,Cassava,111.17458505776456,-66.30759818770777,84.42190658861885,923.2275590293592,222.36902374770463,26.990325333754814,0.4820601392148722,2521.0431562124213
9,Sow,Cassava,1345.4391261035728,-62.14923987295653,88.39552435201918,1035.204865178542,284.3574296062428,45.46424494752566,0.7247427605859809,82479.03580923135
10,Hoe,Plantain,1055.2390265959632,22.977674773325305,8.42686606196905,896.0321522274735,87.59086315442089,25.106761543457036,4.45813018599828,35025.52438013222
7,Harvest,Plantain,675.0590839754756,4.807424350736298,89.47591653547674,878.3409188171406,210.41307627281185,66.8495449341147,2.3937513465408786,69690.7300821762
1,Hoe,Cassava,567.3050866859592,42.27672632226388,58.97604565908809,964.0568080833832,18.35932274004416,86.44163864107317,3.073396660259861,68887.69808915212
6,Sow,Cocoyam,1507.1286175103153,-20.473037199394057,2.5515351994251145,1010.5507587229246,133.8493121319528,30.87218849528032,5.7548514256832615,82982.40721891321
3,Prune,Tomatoes,538.90529414756,6.229226828619602,32.77888100177253,953.376610246538,112.33172481753908,17.585094478750307,3.0274713438103245,83314.65172938094
2,Irrigate,Cacao,87.18606271342568,32.570249678845514,97.71846088474084,983.6948339172076,37.34870131066691,58.57955939072371,17.174021648930513,56931.17565610744
2,Hoe,Cocoyam,332.7085746845841,-36.12239356956843,32.37599179060169,974.385654137292,113.63877990276366,63.06553646866896,20.36110406737928,24239.412030860407
5,Weed,Coffee,1500.4710136402634,-68.19947846323821,52.353458548400354,951.0497626069468,13.55638204983828,8.115392371601837,14.517523022546383,12383.281823843115
1,Hoe,Coffee,174.2909428036345,-5.622175122434115,68.32107069638067,1012.2526669863876,124.56787474256286,13.966599795793112,12.378930765460607,57659.225763731534
2,Prune,Peanuts,1219.028907443192,-54.02552558368887,56.68622617135024,1073.018374536101,80.01579313701028,87.7189214863009,20.241600070108667,5789.209983625465
10,Sow,Plantain,1088.33675165792,-63.443844373270025,71.03322033056799,1065.257919877938,104.47715149881446,14.117446769566966,0.3678337834741043,30870.35925976973
10,Harvest,Cassava,259.554134941402,56.68769003301766,10.841089704646343,922.3135042999512,288.1376559225878,10.018360270200722,9.85415229604137,38124.09051546356
2,Sow,Coffee,1727.0379939051354,42.804454166487446,61.98731636398029,1069.413502223608,244.049648876844,52.9712510248035,15.354858534912918,60078.87378058816
7,Prick,Coffee,594.4149003357584,-46.18385463041531,48.49764707858192,910.426859884223,178.5710997798347,98.72469481411176,1.5092943765328195,5842.771741128716
4,Sow,Tomatoes,361.7945393676848,-80.2067835087876,48.0179525933751,1069.0555218320185,232.28343449762875,67.92423741509793,7.596623750628572,23887.04897385436
4,Sow,Coffee,796.2660895128106,-45.75295371167815,29.500812594357814,947.9536509577468,152.53572496468584,28.339554448967373,21.817063091262057,64590.71249712498
1,Weed,Peanuts,1640.3044428859666,-41.81296343020423,79.03312947407208,1060.5435222180488,79.4226855874157,82.92476912921312,1.8439744249265164,8874.981613801425
2,Harvest,Coffee,1631.1472397896653,-2.733866187431772,2.86865220004463,889.4702016943444,68.31425266304582,25.443480196136004,0.1354184443148725,19864.499262325957
9,Harvest,Cacao,828.7904680283148,-38.292005453943496,4.394336879503946,874.0331676455233,199.98200148273904,58.6808916510652,17.937429510307112,6831.140179291128
1,Prick,Peanuts,447.9837849777064,-76.22540992931441,53.34450786684859,905.1373908005692,66.56568416085423,40.27441330342146,13.775964769172136,60302.29771404419
10,Prick,Peanuts,971.6800629989626,-24.386442052538055,72.15416938284679,870.0317031580341,110.84855967429634,50.075724630876685,21.421902353578528,86440.36219953476
1,Prune,Cacao,911.9809472761976,30.68425849195134,30.438762847662293,935.89442060911,91.86440593040471,14.086383850210847,23.495514327839672,11188.236252121931
5,Harvest,Coffee,1146.9829968472122,52.1977444823511,84.66766198991452,925.5088116165402,120.31676440698809,71.31945612380736,5.73168875877379,83811.02393719723
4,Harvest,Cocoyam,1184.9269829475793,-59.79652430394625,80.42463592659493,1039.5939252486062,15.88273422018448,52.72988025166385,13.789798231964433,74921.48296310152
3,Hoe,Coffee,174.56800189053868,-87.92821703913775,16.526836753101616,971.167536293048,96.14992106745612,66.345334972124,2.3406907434737905,85852.16301337055
1,Hoe,Peanuts,1008.5347571833792,29.789282968711547,61.20656913488348,1062.987639717789,154.54890402170528,44.91759174932325,14.082858632795563,33670.227062738486
8,Fertilize,Peanuts,545.9416786485743,-38.52169213904033,74.42799547842554,1033.603829793057,185.6134223353394,60.27571753791173,13.60901037713434,42109.49497692788
8,Weed,Peanuts,956.1422636861088,55.80656647515552,14.360893741266278,1001.3347667174928,286.3316348124869,5.46699390211518,21.751146108229424,68441.26287315345
7,Harvest,Coffee,1458.1952554511558,-9.16598656799276,15.359552067883309,904.3666756752792,13.664480089162046,64.71873373850897,12.287704978241644,35208.48938226025
7,Sow,Tomatoes,1021.255885215387,-63.188834255245865,0.1766347734722506,934.5453477569196,150.92637940240482,79.44176826908433,5.075796059274078,43178.91813449691
9,Weed,Plantain,1189.4500981500678,-14.37725226360716,40.4156332988938,1044.1150684402742,199.35416232735605,34.21980952122509,1.0109007413633426,43353.42885605515
4,Prick,Beans,1570.3580361415247,-35.764359454293114,7.062661558532957,1028.250445501802,273.6872134866193,86.00922584430054,12.048330004491865,82802.54821693181
10,Fertilize,Peanuts,1631.523533794418,-45.21203911665164,50.595085292800576,915.070830113395,85.73287525101686,1.3970528692132778,22.282830058368585,19175.55568656485
2,Prune,Peanuts,1052.851445472488,-77.00932287639577,3.2995838659245047,1084.6550773785862,157.37316535629816,13.95212511706946,20.473037131928667,62167.24208827492
5,Irrigate,Beans,573.6600053518919,36.28808018067674,89.1832884270968,1006.6591016102748,46.756119706231416,60.67945060110242,5.173584637096334,49908.84093904331
1,Irrigate,Cacao,106.51598037807469,-58.793897678339874,48.34682825350234,916.6883828556972,67.02591163331581,0.4220532015478451,4.627409575701427,42849.39703084698
5,Sow,Coffee,1439.4813003990523,48.41437759319835,25.63303222737825,941.272458991648,272.7297978635356,33.18652648179944,17.432803183446666,40752.69708959113
5,Sow,Cacao,1413.215779484837,-25.40829377194113,49.53951154622926,1063.326729479138,60.87685579909915,14.38639098122515,12.286513025717069,94421.43794900068
6,Prick,Cocoyam,426.8820155090203,-78.60216143948662,41.58657145167277,871.0459272232024,81.65826844224189,87.73197040110907,6.849495604422817,49717.56946113594
4,Prune,Plantain,874.4160806942282,-85.28194659308875,51.70179568345529,959.485824034431,268.36760263317586,39.45755825136412,8.637059911046938,17868.09165884813
1,Weed,Plantain,317.03257175388705,-31.456956767641834,79.78101779055903,919.239908177626,28.460994200056145,72.53631078035629,0.6484137115102557,9298.20960521508
1,Sow,Peanuts,578.2922384570488,22.91739372193436,43.8242777451005,996.2822117929828,145.46366905136483,8.35791432038543,23.55294026947271,85847.6575921985
5,Sow,Cocoyam,998.4973151117982,-8.044957567094855,88.2779066249369,991.50378450484,1.921204975605484,51.96239786995598,22.086103353353494,84334.29417927709
4,Harvest,Tomatoes,61.61323688016005,36.86623087378365,3.3161454877743246,944.2680742606992,67.72976408827941,65.38074497320623,10.339151298890814,64077.06419898832
9,Prick,Cacao,1418.5918323150995,6.99507425084559,89.12511292265502,994.8495773081136,28.72490213211747,94.27004867902728,5.235159259188277,91936.24060892269
2,Prune,Tomatoes,773.4896443697144,-84.88041169374652,61.78055085379892,1046.0055889996574,52.77636769724747,25.141599900157285,15.007601760127663,57035.44316799603
2,Sow,Cassava,786.3467293785548,8.93016035379648,82.23873147081815,1024.415082008037,110.0771696005005,77.48943896569781,21.93925696948832,92680.51956693293
2,Fertilize,Cacao,1111.8526460991604,-67.14730579290593,22.29720646957074,912.3696459859302,237.8771437338273,66.49316153483629,15.409998928139036,74309.32482233495
1,Prick,Coffee,1368.4015629984854,-25.75739609157921,69.38915804763256,1079.575260664682,48.91185242342699,4.221973033952054,17.534993308726122,3903.330846659536
10,Prick,Beans,936.1480293588464,-6.8906834094311336,78.96710161372191,1059.5578736441769,272.31025912940333,71.82498774594683,13.742819527147834,97449.53884338052
6,Fertilize,Tomatoes,1230.4571928748665,4.773909881917504,7.38752232608173,933.4694380096976,48.9757242109694,31.121685439973845,13.57012956616514,82906.82619404784
9,Sow,Coffee,729.4424564119328,-77.67301436662547,23.827695249658063,1014.8327028587114,165.83501446292132,64.52319232201684,16.866448710553573,67755.34700570854
10,Sow,Coffee,1722.1024939957251,-21.512162119350336,16.68887195139799,1070.5108363026914,204.11220754630352,47.49014345428064,6.11854763732495,97242.58589439852
5,Prick,Beans,148.68928030655903,43.140557130152885,68.60059462371642,1047.511035184798,125.913248044191,68.87544480656544,10.670791186947891,42475.98484154946
2,Irrigate,Plantain,183.3015964701133,-21.45541067376853,36.01115523413565,903.236285739695,78.88144365678706,51.43686173309352,8.399674043082033,80267.3228387323
1,Irrigate,Tomatoes,111.47634121484688,-36.3787245624584,15.076338116636345,876.3170895082525,213.25368407899484,12.211826594954411,0.8428075404692441,747.7364638779127
4,Sow,Peanuts,1792.724295269251,-64.26047210993286,23.34821629921592,1037.3527306055682,253.95819966207367,29.03081271061544,21.6608546522334,36498.46019852112
10,Prick,Plantain,1654.2208359502513,-41.81640147190774,16.15100765319436,1026.2356027880742,169.56946743025975,32.57309606198015,9.05122268084726,81874.75187482072
10,Sow,Peanuts,808.3864575103837,-28.168975901203204,79.76687957375125,879.0172708084926,154.37300244866694,94.31306083588528,12.12179472916419,52903.47990942816
10,Sow,Cocoyam,964.294012860714,-20.206360682609613,83.14847107531176,1023.7155500984168,0.6265294308982261,36.89816534233261,13.821443146422478,41845.76633617065
6,Sow,Coffee,99.08940452111509,-31.292847816480094,48.63242474867311,1045.7385193693365,99.74586361357484,61.755662682633606,20.847067769913416,34014.49589330359
6,Harvest,Peanuts,1414.246160477705,5.621122686732718,40.95517409794752,1067.781977577115,249.57203404031887,19.29839916633467,15.512107768852712,55452.56860005882
9,Prick,Beans,1573.3156869855045,-63.68980361944965,42.441494572783526,994.7668132140988,185.17094584336377,13.7093221338495,13.816427793261656,9564.451379857552
6,Harvest,Cacao,620.6731437328043,11.324554863334711,23.68757875997948,890.111311039894,78.27005983838585,46.15792079047167,8.70393488485052,8784.562310804089
6,Harvest,Cacao,432.2609148273356,-80.8217386464757,18.856259168077404,886.1185988298547,260.5973339390049,39.14406385556879,4.102980403485924,18713.677925352247
6,Prick,Tomatoes,56.90034314075567,-37.51572580970007,16.526569598622398,1039.6191810295045,178.69578670845883,16.036416545739428,20.655403226632863,74749.77952559102
10,Prick,Cocoyam,1290.0626180106528,44.90555445783174,51.96639001788177,1008.6415636326276,236.43143348135084,9.7684847368385,4.482670149993473,412.9492007863167
6,Irrigate,Peanuts,1137.936196847642,23.8891429995452,1.8029701653963448,998.9826253426022,3.308308379695668,35.55910369109326,13.47168183201786,55858.48881303069
2,Weed,Coffee,462.2208703036047,54.37381092441596,69.32714279234882,955.7632828589964,1.859973764352374,84.08166864403287,0.1716067405049406,65391.23893139133
6,Harvest,Cacao,815.2791144051758,-5.676203966610231,84.87282701821519,1017.3240208734366,186.9725677403304,2.8382598785141044,16.21073451975171,7529.887705443095
10,Sow,Plantain,168.20698359272112,-70.40392594332972,89.10999277198806,927.3765213865514,116.09830929652348,64.71837382164392,8.78012972033531,77545.44504988308
6,Weed,Plantain,758.70211946507,-42.07696370091143,55.37284058011317,945.7953864684032,143.81077592763273,83.44691259414628,10.68658930439404,46731.80566381143
10,Sow,Plantain,536.9790286865062,40.27840234158264,68.5085883255889,890.6025344592243,268.4426856062499,24.39361890163953,15.766816412202614,30825.68307636632
5,Hoe,Peanuts,1707.4477542427564,-45.13191678935991,43.518055949808286,961.2019375859892,17.52066102307085,26.36827470555601,0.6363051925722774,75238.68317618265
1,Harvest,Cocoyam,1189.113349334151,-72.72027773216539,70.07074858444331,905.1322232626844,185.6199383316084,62.25701097574281,8.299612314960012,18065.721304582115
9,Fertilize,Cocoyam,1697.514136050483,10.498494981289582,18.12877655907833,1056.5163099667463,2.647655760907164,10.655286553325736,18.63192800808992,64671.328734949006
6,Sow,Plantain,1450.9964719646823,39.93514631601265,92.57079398324908,1068.4896095260142,141.4267273055365,7.3892009128494145,19.705476926403648,98146.70415481828
7,Prick,Plantain,1089.9596782400863,-37.729911502020975,31.984304491939064,999.2866332219584,8.72438649412307,42.85041628626246,21.53381313230011,85689.19242147941
3,Fertilize,Beans,15.511648011143444,9.614241953971105,94.25989714202063,933.8009261736366,204.8836313024084,29.57346124168605,10.799101600939233,22244.18595942436
5,Prick,Coffee,886.4066579418213,-76.46865378169704,57.41223004657776,915.8861239323102,289.699506355696,61.709910146325534,22.148938953384768,30421.246257867184
6,Weed,Coffee,1218.261518133763,29.873767093898635,44.945193723877686,1028.2128737498958,287.85411687033,95.17945915627836,15.987583119877618,50939.52264854673
1,Hoe,Plantain,1618.6132815906078,-30.64410951548146,73.71730118803687,1077.3315753895297,57.92776132458361,4.988313917615161,18.59989447048747,82300.10558670928
7,Harvest,Peanuts,539.3338835624605,-9.963858894728304,72.55537872880389,946.1222664035026,150.60164925703032,10.263936355346392,18.647179865454586,38814.52441524527
5,Sow,Peanuts,1674.7675705255106,-42.306179015875145,93.97613196215104,967.005091390684,74.88072079107243,91.03965468500942,13.75812720152978,37915.99106621759
4,Sow,Tomatoes,1001.8344171114708,-10.739043087350368,88.88112197929615,1013.2557837708046,205.7012772517156,67.35848112816372,3.2669938887995755,8613.91772047041
7,Irrigate,Coffee,1652.1424415506922,34.411439741743095,5.8197833470125975,931.7316818352296,201.38786191705017,30.612334726170577,5.4799696146643,19760.31187221543
1,Sow,Cacao,504.229241716625,-7.685075349970234,57.70333341783177,1046.907815989271,158.89451634922673,19.532359959986657,13.680363557577095,1612.9537901207414
9,Sow,Peanuts,117.0238533418992,-42.23776820895908,54.94063897760986,1007.4514114345824,135.74084971756395,86.46983934177322,10.785186827703775,60691.72058806325
10,Sow,Plantain,670.1392420186725,-52.874041803340354,74.90244603408046,1077.1669898764426,267.26737940812296,1.3893413540011723,17.695444181848384,19606.42895408641
4,Weed,Plantain,418.0683937287528,-40.63782902350679,96.2962891461537,965.1645242079696,175.6558330034308,58.045477514706135,0.512718895525218,48192.44696171313
5,Sow,Peanuts,1297.2044532026848,-12.086968301477429,18.062559873188636,966.366729439324,160.70453729033244,49.77895580680298,7.74606019938712,68988.82873226277
6,Weed,Peanuts,673.9175060971269,41.43138178703079,58.92144218659278,919.597803123711,101.41890053719204,75.79885905472136,19.04212421871988,23151.729471753457
7,Sow,Coffee,1604.565706476411,-52.80227713561754,10.470645379263155,1072.4376454811809,45.86714771353386,30.242325117707047,19.116268769995777,20116.60032768263
5,Prick,Cocoyam,1554.1228544258363,53.22633967131766,21.991685745778568,942.6684048795591,293.1445786112928,89.05679298901967,22.51753897220873,60954.24753655173
7,Weed,Cocoyam,1607.824120356851,-79.33445820319318,95.99304609232952,941.5176263996416,48.31173263882486,33.38441540834908,1.805714122650696,15091.41554893676
10,Prick,Tomatoes,902.9128968469053,-25.09928084459385,79.10356634023744,1054.0052523955317,0.8477345376811996,35.74176095168,8.498629712790219,2787.9845882196164
10,Prune,Plantain,1273.814565651838,42.67147510686648,86.58741451094511,964.312951383522,211.8325934012972,62.27917995858376,20.19849714412974,96353.217293795
10,Hoe,Plantain,1780.12083970828,-80.34010569844267,84.96276303992701,982.5514090132089,183.3831744488848,67.15512506816125,7.314198633191134,59348.56286545716
6,Sow,Plantain,563.0931218063297,-58.810058148632365,81.2028949459059,891.7368797575425,4.532327371648137,20.867229037175598,21.64784926652873,93114.00773174645
10,Hoe,Cocoyam,1515.923538508369,54.978829770040775,91.23845873302828,1074.5777047896318,24.43906430268268,83.84388100077966,3.2950862465905715,48600.64503130597
7,Hoe,Peanuts,1268.1969751146355,7.80322954925002,1.947143008659502,923.2160308154356,163.32068782552693,30.34321223496937,11.081574611062646,48219.901550978575
1,Harvest,Plantain,167.92064785748445,-17.802953231096694,11.484585415630766,1026.2107845244486,39.93367445122755,15.689405391383826,19.470490930636657,94577.53780116996
7,Prune,Plantain,1743.7571958157807,52.76781602988619,13.02176699849925,983.1096592426544,59.4407605683271,53.37341160658694,6.146992890257185,89949.61543293268
2,Harvest,Cocoyam,1023.7660954580596,38.61422667633124,28.39753702783102,1011.582522918413,47.56829757026234,65.89603959480625,1.323141773130664,57069.19121990003
1,Harvest,Plantain,407.15600917798025,-62.26185690517555,83.26040110254961,1081.8098333552036,172.84504974186228,36.92761945813172,2.484974592150711,9107.439512446314
9,Irrigate,Coffee,989.573880304802,-59.24303620370998,76.70950894419492,1017.3515457544312,39.30682371196721,68.18265145433993,8.837474940683379,5454.247739009755
9,Irrigate,Cocoyam,1792.874567969155,33.991667864061114,96.36755283764408,892.9855908802236,163.37603121016778,18.10734945274278,16.156666207968726,31512.62412583653
2,Prune,Cocoyam,502.6237879276222,-57.24704465982779,63.7354409576295,985.8786815509789,11.849656493978966,87.72527350096969,6.556218960337139,84532.04674192006
2,Prick,Coffee,1083.4455016304182,-8.509564394842073,71.58769883864228,1025.4685786730668,129.665905651024,57.90482405580859,3.472947169481267,92918.20646785504
9,Irrigate,Coffee,872.5083897675586,-3.810484296085505,46.71157100641925,976.290650128821,93.6776824021346,49.82100088334156,18.763800052153787,95230.71676709031
1,Irrigate,Peanuts,959.195518508761,49.21594713964332,76.38702916322806,948.862786117581,45.86482933628279,10.850364146167346,6.04351690441272,37742.821332053325
6,Sow,Coffee,372.33074885103775,30.51514608852152,97.13375685676556,921.1455264077446,292.91387745750205,19.435017564490707,10.542185379266032,4420.909492934177
6,Prune,Cocoyam,573.563159815164,21.397837130848785,42.80655975923862,1077.552167243501,176.21248147786537,22.549281305511336,21.1134127131706,92466.3257774731
8,Prune,Plantain,1609.8816050374126,-75.43709821919317,64.24874062753521,956.614033274176,269.6575343296949,70.20007879627055,0.2841256489422727,43913.66042381745
7,Harvest,Cacao,1100.7759433165145,35.13395861130138,64.63998751650159,915.6726208262552,234.2717792532462,17.122855102882916,10.21819012234798,34013.14525062058
6,Irrigate,Coffee,816.521508547267,51.66668947787004,37.9224562794685,984.3376609649304,268.40898686965903,36.72575149394136,4.52245020959202,60878.414234958014
4,Sow,Plantain,329.42760908890097,17.901442022819253,78.87962842958423,1026.6618669918723,161.31478988745357,76.08366052672694,0.8426696532837425,52301.04329830804
4,Weed,Peanuts,1570.6456529624418,0.8849625634057503,84.6763191985717,1052.656835525803,283.51361656680456,57.87221157234435,11.38867457072597,71211.44732663795
6,Prick,Peanuts,467.9371619589323,-24.70880834737896,21.7919532827517,991.4412493374616,279.4360577251509,15.645274331205083,5.086698823731484,1957.5441424555029
2,Prick,Tomatoes,802.5368010157133,-38.20579929008976,86.42780122926602,1072.551040025642,75.12607590174176,61.551453979133385,4.568600064099938,5710.038491157255
1,Harvest,Beans,414.3508057547704,-78.97690100598047,90.25820654894756,1005.338006485748,239.46872364390316,67.22346954320007,11.111270661757173,85045.61802061198
10,Prune,Cacao,1652.5177174473065,20.487743039808223,39.67589016744408,984.282064676786,268.86562415622666,42.42250229009706,0.5459174860503042,65861.84026960995
7,Sow,Cocoyam,724.9248521914037,23.259113025351667,33.277139049444415,994.6068875276766,218.7716756808321,6.869372645908889,2.9425900134100877,63394.77509807251
1,Prick,Peanuts,1138.052282710212,21.27377412483329,23.558363869879415,1068.3445059748417,250.3818303435892,82.00316031617714,17.169569485565233,34463.54903207226
9,Sow,Peanuts,1311.1019716053415,-22.52637531183873,67.04872470651175,1021.8196162037844,199.30041140290248,58.87427657286951,20.566879224760697,17215.27653770084
3,Sow,Tomatoes,1551.0142001471622,39.37699379715211,96.63454683832089,968.7920346023536,0.1431027039962451,0.2886399311190502,18.97137554818614,98304.34953106602
1,Harvest,Coffee,144.20366472123732,35.91833659113121,96.6838968557906,939.651655588616,33.362909807282215,23.982883126227595,19.232173273051128,24832.19649066873
5,Hoe,Beans,1330.4638328233689,36.9051490184911,16.941129615087924,1070.6204794560165,122.3464421550232,67.92237541874545,16.108266358976515,4065.6928020706086
5,Fertilize,Beans,1068.0168863272645,-69.52438558299106,18.662816139253447,1079.182787242345,72.14725240654899,42.00623698706109,16.34772478582602,63475.93674259025
6,Prick,Cocoyam,1750.2483533578577,-27.222595730534707,2.321950084276414,1005.7364711172108,193.7418107939099,46.42364683399529,13.99113154741766,96870.1926498368
10,Harvest,Peanuts,1697.443955942975,-39.11419524040213,26.096957635792084,961.5024186134968,171.49737951568315,47.99107120601867,8.807670341413246,62787.27223149285
6,Prick,Coffee,846.5728783397884,-37.5479429420108,52.28348424819218,910.3258448886888,122.46126127052538,36.56901375622839,16.480984887922432,79424.50044176733
4,Irrigate,Beans,183.89379218056865,26.442407945375948,76.77373364152459,1056.0236698876045,126.59352899249328,73.35061575505554,17.85084356329582,44847.45645832789
5,Harvest,Tomatoes,1628.1564453293988,-58.920285922836975,61.66823324672877,906.8072062989606,181.8682435647679,99.12831067354615,21.171950331298035,5731.120331616236
10,Prune,Plantain,1569.5448437382724,4.826139309743311,29.606260500494564,914.0148774119908,281.7943647775798,70.76287484215801,9.179014540762743,59186.57970130409
2,Sow,Tomatoes,1754.4097401097097,-35.87622533266619,4.159328765976033,918.7332634433492,55.59697203806642,69.19977969236098,17.07057123524901,78002.38207333103
10,Prune,Beans,245.89443704190663,-33.1234424632169,29.6074043338174,995.1076225301828,282.7289767653192,20.60332795828974,16.882749746652856,41477.229817840256
5,Harvest,Peanuts,1724.8826079262,5.004846968294132,86.44081754292075,1063.7136138763913,296.664113877385,62.969496786142834,5.794198706447689,90746.18067369012
4,Sow,Cocoyam,732.2677880797927,-34.601039745316214,53.29304355542344,1010.1992942981302,173.68831579303395,29.78614016292186,4.763345022251509,22851.848578269077
1,Harvest,Plantain,904.4551810038448,-70.79043894894018,8.642259080891234,1031.296717748698,188.3733388435039,67.83934345191687,19.482277394647685,54662.29003701079
5,Sow,Coffee,532.3345387225955,4.9472704685389886,24.087847149617136,1023.472490104785,184.4334609790055,98.4924144960699,0.1643690048420429,80479.27431970547
1,Prick,Peanuts,833.5189972213184,51.20361775561069,33.16859103628812,882.1277736625426,238.0995434168664,55.651725726304335,14.367659834608457,40897.90218367175
8,Prick,Cacao,690.1562771168069,-9.394896325538395,17.342720242304587,878.4256034934097,129.82603639443522,67.32250269445782,8.921556712092173,20365.583934244547
5,Irrigate,Coffee,549.5352486383239,-50.219808116991246,50.44802499106641,1052.494447661711,32.26631082470516,43.43302805420982,10.449785048374745,3071.149021318509
6,Prick,Peanuts,134.76007085567187,51.71173416701804,84.33125890514219,992.7073468974772,116.0283386822238,46.64298868367548,13.208713704390732,708.1686353567873
5,Prick,Coffee,1440.9900225038082,-26.514301536882076,12.487079975059531,889.5334155099695,195.74889017592488,95.21027495016818,1.0805177890236344,24566.44934108423
2,Weed,Coffee,498.6747616540707,-36.71879555656647,6.860495900156971,1015.9907185549392,56.95325467004393,30.9322908810582,12.479435009072098,40198.89987594826
7,Sow,Coffee,179.28259963403687,3.641515504589819,6.943281225534603,1010.7816594469916,54.4604156630575,41.06333411120913,6.267026381093948,75626.51373795357
2,Weed,Cocoyam,1609.2577613118283,50.31749432571671,52.577829842350965,1067.0335188432268,83.28515105952428,31.308630542946613,5.963198986570941,37019.2649122741
10,Weed,Beans,162.21116911321496,39.58320240354449,24.3004077010327,926.7845672582438,275.2259394955113,63.980053353583344,12.445741449458309,91320.10578226096
5,Prune,Peanuts,1154.7055991016557,-52.946753130979445,88.11188521263861,1082.663457289415,245.10562989477157,60.27465641303864,18.630637686757886,35541.75945848906
4,Prick,Coffee,1638.4837590823736,-18.40091787716216,40.064071113758814,994.9896785354604,11.203526454754044,49.879888104598,7.665150535503539,50943.45399639869
10,Sow,Cacao,559.5796087256026,-52.753969988173495,53.99613538770457,977.311876804182,252.7911672449613,86.42541687982597,0.7797616399579672,3989.890425985288
4,Harvest,Coffee,594.9117080819321,41.05723731602701,39.79498791063789,882.6448307950002,180.0955211679494,56.09782051045862,4.515668511824705,45449.99006310032
6,Irrigate,Cocoyam,203.4940854688684,16.342323438206762,19.125654361133996,1083.1185395659572,149.55156482097544,50.44832678739173,13.464609661286396,79838.42634742674
2,Weed,Peanuts,1357.4536610176715,-4.596101192662758,69.35808476461108,959.8679499846952,128.48484977056452,19.03182037511646,14.92731594986434,38098.84312234555
6,Weed,Cocoyam,1017.670671160777,-63.45247415004778,16.586477689397306,1036.7224772133743,227.92507848117265,17.11206270190584,20.993929280358323,73858.95634594593
10,Irrigate,Peanuts,102.687745721003,-13.925621742614297,61.24016561993483,1034.8790790464004,146.4812593984578,82.59338283131775,11.121370783067196,98740.96328015155
6,Harvest,Coffee,1676.7866775719674,16.70119270092671,41.85176752946184,960.4084716753684,216.755489671392,81.54043220125044,14.752488052521787,97888.42566970047
2,Sow,Plantain,539.4929439725234,1.201670359438438,55.71005548867306,1035.6068067640376,242.5595260082241,39.3014730059308,8.190535236631348,19556.36120849197
9,Harvest,Coffee,1755.6720264944938,53.609337534460096,71.58224097919465,922.2286146713028,57.66261693549078,72.43245819788254,15.54878811861384,72190.44352832012
2,Prune,Cacao,241.7429233516293,-37.25244807616853,65.97562416937745,933.0687498513864,247.5372655727064,39.60942545657776,13.644226776949848,48749.51972541624
10,Irrigate,Tomatoes,21.042636296284822,19.78565494383776,27.98741483035389,1039.4432756759616,170.4252549939558,17.278037762938837,3.902417470656403,46502.009015972726
10,Weed,Cassava,555.8273393133031,-77.19375897165534,63.990061946869815,997.6047685515676,90.66696728494044,16.62247956213244,7.354896087875603,11058.635762177826
5,Fertilize,Coffee,1535.9189955454476,-86.04017237133898,96.673929672884,954.5261812239268,2.4762715979405714,46.834422208551416,9.537581432791503,43296.55088937849
1,Weed,Tomatoes,890.2932906445603,25.583314501884374,23.12888118295958,1010.8267553709888,218.44632584630287,66.66132001261016,1.56807376192625,1499.5587218481044
6,Prick,Cacao,1584.018695472015,-56.01981344231983,12.914924401543526,1072.5760766529477,18.20658115387745,56.08361636547304,20.70993144833261,42150.78534656161
9,Prick,Plantain,827.4405570400256,-11.438591727263756,29.407188978903587,1067.5906709744693,246.50606109164107,12.040058846943335,5.340080779335589,54899.38636439638
7,Sow,Peanuts,1685.262881660656,10.801154600255956,48.2561518617724,940.3556577653836,155.96903440669968,20.194447422092622,23.221892257094076,95420.0410867002
1,Prune,Cocoyam,1490.2785925937603,42.07046021744212,46.71152302131154,1057.086678970391,81.40089592813764,6.830744115225085,15.66594564961667,21429.14428606412
5,Irrigate,Cocoyam,984.2566097641678,-34.4316736095104,44.11056615206192,894.879032414383,177.5070590636022,44.329457433667606,15.657583022292153,90215.42602147658
10,Prune,Peanuts,135.30261759261936,-3.8281598819768448,76.6386049119572,1080.4704134371168,242.73739129435128,60.37036077407786,23.5353157111247,63031.32676805637
1,Sow,Peanuts,531.1797808234955,35.932062120730336,59.79551944788416,902.2956032586736,219.81679967770287,67.32172006458892,15.797440172069305,59220.31743745913
9,Prune,Plantain,1641.780783203465,-60.76345118282319,99.57908401136288,1025.0200137958736,172.72285314313206,36.64166190822312,21.343953005533,11663.828615663186
10,Sow,Coffee,13.18292622533086,-30.68252800838684,35.61346085685685,1043.6434450262204,229.93005979685333,51.28852907708675,8.150862297863341,15060.508718611907
6,Harvest,Cocoyam,843.7006411659216,55.78357037844059,73.67824906695793,888.4007970520385,262.0738560808758,4.521586690712698,11.40601995356077,57456.294681902174
2,Harvest,Cocoyam,642.1323467813197,-11.883224442747531,41.86363153453336,922.6828440861694,287.42658527745994,83.92979739391528,11.19555389483888,71918.2870790859
10,Fertilize,Coffee,470.6837127947263,-5.0220009278651645,13.214708600967684,900.8725055684954,278.9994443045045,90.26931886235216,4.264366818266263,28744.339501321014
4,Hoe,Tomatoes,64.8446456292652,-51.92409615708812,19.714566316022157,909.4043604971693,57.22791906212997,46.3798152660197,0.4798434769427491,95371.95551367576
8,Fertilize,Tomatoes,864.7748397284962,-51.6297397848828,35.864962785647414,903.8296098269992,89.99215548662065,3.084696719054403,1.9621240273502536,88263.87133035736
7,Prick,Coffee,1401.526062387155,-31.769687610815843,96.63643691906314,997.8926690708572,79.8349068483962,54.87011681392683,1.6670244205233438,94259.91749315464
5,Sow,Cassava,753.8720641303341,-13.954851745192244,21.902563450598088,870.0595878334906,148.33921755540993,28.417807857403957,17.01818143882647,39597.26730759176
6,Prick,Coffee,155.31012635187204,-66.61556177130929,77.85816419765698,990.9602781024332,117.18849531156025,61.11216808278426,11.094239010700337,31564.461350521124
10,Hoe,Cocoyam,668.6889466596945,-38.96066296919384,10.193134787520874,1032.8342520888907,57.40392478714749,96.31774177047237,20.7134820428174,5514.412120575452
6,Irrigate,Coffee,1292.4521532266615,26.52220427233576,95.13011773440827,1011.523541464924,269.6100396403821,96.83398830714265,16.89538595261904,48302.74009165463
10,Weed,Coffee,1341.1423287911948,45.24538630461716,4.04221333011956,1028.15856582356,119.26573839010028,29.067148197606308,18.594387270822025,33705.26652712821
10,Irrigate,Tomatoes,1253.817913177031,29.88011811377723,10.388770197998364,1065.171910268036,22.58341702476189,1.574828086004065,6.41207576183573,28676.50521682924
5,Harvest,Cacao,1760.424761876276,55.37167804028057,17.292934624060972,1048.1439973275728,217.79597877876031,24.87753653670023,2.1109199339515,8231.78750646556
10,Prick,Coffee,968.226854815986,3.954950152663926,16.624312098149662,1017.7294704566868,258.7107709048061,31.67505275109771,13.67057586481271,72571.46098691542
10,Harvest,Tomatoes,467.585222911258,43.18982893465319,42.7577860105402,1032.2215413837805,58.80432895601867,94.65576137787284,18.08275801585045,41692.19252975235
4,Sow,Coffee,545.0694849343686,8.147498167470118,75.72921072104293,870.0320417271249,247.3630950799817,62.33304909137637,17.658427509150638,62985.16742118428
7,Prune,Peanuts,158.9447203922028,-49.136159169460605,78.19952690392789,1013.4281824849523,183.81064938234445,50.53640321128435,8.577113377778355,37191.136749423145
10,Hoe,Cocoyam,1030.8704887010942,36.46222862327082,96.3186061519228,1076.289676375644,17.100031215540803,79.99166613103608,11.91222755307827,62213.784992312096
9,Prick,Cocoyam,1521.1235073424498,-40.45718737653178,27.68790840149273,948.1737521675346,256.412633115145,45.15270142120295,6.618522015054203,47599.20333842226
1,Harvest,Tomatoes,1119.6673388219658,-46.84763387474756,44.49982195545126,927.1906736473004,169.01663686918693,3.2828932712597902,7.598372787963546,60759.62811316231
2,Prick,Cassava,849.8279668447929,38.38422777053695,6.177039653759209,952.0939484065044,170.15054395374776,74.77742598357767,19.135722116855145,69940.5092545267
7,Prune,Peanuts,313.6519631703963,42.43615236961311,61.64053347728508,1084.1168486870145,147.56213721636638,8.967052158984679,16.347675784288345,5877.756587252514
6,Harvest,Coffee,1290.942299834799,54.69083409063414,18.95568982846777,1025.53274563148,96.01977369568826,10.030070990030293,3.213507780159631,55403.62196925268
5,Weed,Cocoyam,1203.1610712809652,42.13287414190988,90.67899060149546,994.0194891646922,122.45653741677916,8.768236639269633,14.766765893826737,64053.86924767519
6,Hoe,Cassava,1300.640790186392,-8.140000061994684,91.71321856527,904.317876272116,124.85152972322444,50.24231914633541,0.0244546397695275,40234.16679040512
9,Hoe,Plantain,1317.4560037181543,24.423657363264997,26.81703472964376,987.303903579446,275.6439592953047,82.96320826648554,15.772922559633688,72771.61356575848
2,Harvest,Coffee,1656.668087723382,30.115776917426643,56.66792450554341,1022.3178152529996,99.51438104686056,94.65786097528162,8.754862318156068,76701.64244642161
8,Harvest,Tomatoes,658.1671203298853,-47.40224819132343,57.83888240654776,989.0681102760586,173.9735842720616,92.58551814558038,10.02313167944584,72523.0144405445
9,Fertilize,Cocoyam,1393.5448620552895,-85.56911904313635,94.06696498714189,895.4508561289381,19.14694758311081,45.26916961223832,11.298579472955671,46373.91825752125
4,Sow,Peanuts,1636.737750776583,-11.958437193758328,1.9798210474036404,906.890683650906,79.11673533536904,46.142875038126576,10.93391229646956,11089.31925536557
2,Harvest,Peanuts,696.7469864186075,54.43000918098842,27.90418058507662,1079.6387726528778,292.59561308804643,33.34570975411225,10.948597423996189,6429.976709431562
4,Sow,Plantain,1044.068700501079,-75.35220519718006,92.68556401768129,929.1680365209533,26.31460336232993,44.54214129517755,21.122268551982856,8055.627713657576
6,Weed,Cacao,1119.8114941807692,-53.00090867121255,50.25883096149111,1078.7164300684449,178.5256021001165,75.46639694630156,13.59714083944535,40145.535796354845
6,Prune,Plantain,1400.214064232684,5.14430291739518,75.06734999584836,917.7177130042272,162.96704613839043,54.99544002364488,17.031220577289197,17181.630063792065
5,Fertilize,Plantain,663.2762424224844,9.666056315919503,68.40503953695112,1016.1397555704692,85.88798570480999,20.33378324958616,1.836397106112135,12550.295882374165
1,Fertilize,Peanuts,369.0337555196117,-38.361664435743485,74.1242296113127,930.0131686207972,165.89908199010932,1.0458745470044772,15.339397314385735,76295.38392492814
10,Fertilize,Cocoyam,190.72174346475904,-3.3790636605711057,28.70193259678343,957.9753680592228,224.49487009884385,48.7600494408821,23.89541679801122,57769.32831624128
2,Prune,Coffee,381.5345954770318,1.973642449650086,92.69251668884128,1012.3234645900392,282.66475146564807,75.46132484748202,7.130165377518134,9297.834547387396
6,Weed,Coffee,1641.9859915510503,27.48080152449029,18.748450153758423,1020.0987991095536,42.44794247181412,60.55703542170552,15.263268684918556,87552.53683411893
5,Hoe,Cassava,834.5488033277836,41.396766212051446,46.899169792692106,1008.6645339779076,37.08992214935202,50.45692649716834,20.21744435570965,24377.89206785086
10,Prune,Cacao,249.19357601333263,-65.44293249618374,50.14952912223942,953.8310386311684,116.52609055981875,79.12470927331343,12.643197699331864,30118.39698778015
7,Harvest,Peanuts,1678.151031267409,30.718112934702447,19.554020533231554,1084.8482734727395,295.87055064454336,77.50381571276466,23.123976644356908,38445.46324569057
10,Fertilize,Peanuts,1587.4713529889143,23.884692130283256,60.25865177282797,973.4558873655672,215.00610676430097,10.41013662841518,12.094671680249728,50868.0653618974
10,Hoe,Cacao,1502.2089906659817,-75.99207909992076,95.5268913013052,1011.4970789313782,43.93803193092788,79.57276106301958,2.3284060536111504,77217.01067002506
10,Prick,Peanuts,1126.0219323126653,-6.468731412658968,49.87571532140581,924.9443444213924,173.98146879970636,9.690058560088344,14.24048100159023,72674.39819471701
9,Harvest,Peanuts,1388.4124042222377,39.71470007101611,72.14320563168066,1050.7477177082203,88.74142930444435,15.109614287720552,23.19341520495985,15575.780716044064
1,Prick,Coffee,1599.938375031055,-32.074892687548164,26.566236009128552,937.6160380320338,13.44491168752322,84.3062205601507,14.24224791387332,68084.03720962287
7,Prune,Tomatoes,576.8169085444435,52.33373486697546,72.85874350073776,979.4902557972696,155.87006903172838,3.2355511313518104,2.153109045132629,56930.77461209646
4,Sow,Cacao,676.420999832888,-26.259801972778867,58.178035601837465,1076.5789871794757,234.46490445271223,55.39513857892374,16.659613119194617,94393.96477046136
2,Prick,Peanuts,444.88159369935374,-4.271743755280838,56.72107947575317,917.4534181108644,99.55177016638068,8.227753366532752,14.711206563702603,24802.12757087873
4,Weed,Tomatoes,1785.931725030036,-30.715913623301923,81.46628857370568,942.6977982517678,20.174024691364323,79.59583305309204,18.9424535091795,77306.8182314554
1,Prune,Peanuts,512.3393087864983,-24.594219280402516,1.444047509627666,1052.790042623202,182.2920522560252,83.83806460948396,7.698353978893255,35863.1904596862
8,Harvest,Cacao,958.365756162149,50.34072187580479,74.97570066142146,938.7331308160086,152.28455857036403,80.7374184637021,4.055802276183164,65249.15568116398
7,Irrigate,Beans,1689.6151182949948,-15.365444827658663,22.32030906425677,896.5545328328155,38.42584447233769,73.95869598262945,22.680455038040137,81650.83673899253
10,Harvest,Peanuts,1472.3647608310246,-3.385981895839293,19.39783495039403,877.0071374363816,267.8687494129581,94.14786055947292,11.512731007414304,63183.42009292348
10,Harvest,Peanuts,490.871619278892,8.076307842080496,94.45814764637775,1077.5535719267034,28.78812614667272,26.68680306771953,13.917154466264034,69803.73427411258
5,Prune,Peanuts,1003.4076039678932,-23.351062893545645,56.73208264875393,898.2069058575245,105.34008088075238,29.24010606710028,18.372279543626163,44298.48396373405
6,Harvest,Cocoyam,1087.7043953318769,14.461889312715869,89.53737052698084,921.0677149770842,48.93318804330772,92.23366997708602,8.649603378146303,2570.615555116318
2,Prick,Coffee,951.936434026024,27.20045543668468,91.4997653803026,1029.1246462442089,27.675620922160302,31.243272618000795,13.541381264941496,80872.39035749357
10,Sow,Coffee,195.68321074708416,-70.75093727410335,84.16361754132653,1005.3810693738956,284.2929256307841,57.77724355756629,7.329626336358627,88365.91528727584
7,Hoe,Beans,1050.5943859626807,30.34448850630025,26.452045501385733,974.089790169235,71.76193381747898,53.18598976747644,16.410125300369724,57972.84746202619
1,Weed,Coffee,824.0531685979005,53.23507743352285,15.668412552100886,948.8905474896789,226.86902483862477,24.77487424215308,3.0796587366583736,24448.835202023045
6,Weed,Peanuts,58.91834807485783,42.99067754941028,37.439287776760125,906.8477883997544,299.51435742289254,38.21582519885598,7.76329238372664,49468.28903401332
5,Harvest,Cocoyam,617.3865002430892,47.421063791736586,80.35938019523658,967.9115277428224,290.1154897455572,14.159065321921648,11.792055412407535,88104.82976183249
1,Harvest,Peanuts,139.36974004952702,-73.26291545976176,5.855556504780246,1015.468257398634,263.9726320756609,73.86273412940034,0.8244752215763063,42233.8262361
6,Prune,Plantain,1388.418733402396,12.600839612774324,6.256031071558176,1083.4042649798946,260.9918894356687,77.65468658746565,6.5732204199027935,99221.20259469548
1,Sow,Cocoyam,1173.3517172286488,-10.162729965064544,8.921618578112778,1059.1442784531646,43.42121359726233,81.5382125570466,0.7002762505246212,44885.561894426326
10,Hoe,Coffee,1193.0761828279078,-18.260625230328785,9.84059713953618,964.0452855567293,169.85901737119195,99.81513236112964,19.638145748815884,41015.277152199895
6,Sow,Coffee,611.0975917946355,-63.00504430413631,85.2269777659136,1045.65568768672,19.20968649391989,40.631951542804345,2.3816573468144187,97207.5836610723
1,Hoe,Peanuts,313.7387522651314,10.23894823609399,68.40719476965596,1056.6216010524545,129.15617050155902,89.42995328323262,8.064609519931574,58078.51478740015
10,Irrigate,Beans,1674.6816044905104,-63.08462461052615,31.105088091849264,1061.6199052099234,146.2772751359799,88.88169138270592,20.02024773554342,55600.63306347047
2,Prune,Tomatoes,27.062541949002707,-57.803092019560495,44.67271525914095,1010.1606026115716,58.43532364343997,56.62887958367102,1.9143907764539956,28593.353372877984
10,Prune,Plantain,294.726946535202,15.289858147425136,36.61269252314456,915.1010867239776,288.3801447153536,23.98023604462146,20.18262921721497,56280.06098957547
4,Weed,Cocoyam,107.95511365782136,37.51337233449382,28.897311159246243,1016.1114727222968,73.28287964370631,32.05775041050515,12.896783977370244,69769.1089034683
1,Sow,Cacao,725.2009650775424,-48.19330023046472,4.609094459133178,955.814737999771,248.4999570786822,74.7895807766862,3.86672399885874,17956.85544226325
10,Harvest,Tomatoes,1202.4610204989365,-4.701084869662154,57.99667854497882,947.3778091516424,294.1795199882803,77.23298579389449,11.05966784549472,21794.632140030462
10,Weed,Cocoyam,977.6930314386271,48.67744275931288,93.23341478390354,926.3826748455688,171.88881253117643,25.303885314004248,7.271308127461066,23196.09357348033
7,Sow,Plantain,1331.2888483332945,-4.53087117604538,45.56134106302457,1072.4155197158043,161.26277521799054,84.14860901669789,21.32039975930852,95639.1612229712
10,Prick,Peanuts,1495.546310459556,-16.617927014385273,58.97503315796153,965.5348609233384,213.28568229699832,78.4075155578244,20.082577531202,57749.66653395951
7,Prick,Peanuts,897.0270722341521,43.71034510346799,38.097927921216645,990.7418269056363,192.9298576509996,9.992171486553902,12.470998143681312,89667.7970585882
6,Irrigate,Coffee,490.8411801930888,1.5252508420634143,60.88703514255486,926.8839638435566,180.602560442353,65.10644801623882,4.197116090035084,66543.77115844829
4,Prick,Coffee,902.974814507524,-43.84796926461226,8.975447058389518,1017.989672312308,193.9802625575984,3.7180965549694736,9.18680759831528,23246.2615787602
2,Harvest,Coffee,155.0642732325201,25.167609739938527,5.210698082424214,915.0158501333984,228.5941868197216,52.2919082631082,8.487486014693182,58742.740473127786
10,Weed,Cocoyam,994.2984478541904,-52.22770408554463,42.11467223023709,1065.4430061361668,261.5190831333686,17.79540019204844,20.516949935880803,73849.19927025742
4,Harvest,Peanuts,1601.6177869572534,-61.95663882900197,55.79875724747204,987.6410005484192,120.28784594889758,32.16924953640997,2.9663381837990856,83289.79481499722
1,Prick,Plantain,220.50634837652296,-29.77268016237189,18.09864233834888,920.300968449422,176.7138664325779,19.505959774982927,7.105666527337925,16048.269878131505
9,Irrigate,Plantain,563.6934519732027,-49.28750539861429,73.70850063220833,1075.7991064366431,28.305122479846712,4.423753250846929,14.571215073973727,71140.23164870345
2,Sow,Plantain,918.977199057536,0.946804637624254,23.005748228320755,1081.7339504351562,131.7697400248227,63.33602007125215,2.2816959568569635,99351.54187076048
10,Prune,Coffee,1564.8701582955568,-10.573980548976351,69.71203901252917,881.4023062256468,269.6887017313337,89.17650506723926,11.948430896628006,10190.77643747578
1,Prick,Cocoyam,334.8205060909108,40.61059622616601,79.71684220300637,954.4656082434452,297.96406665884217,44.16115297785967,22.613753688603552,46350.9734207378
9,Weed,Coffee,1395.4283685123216,41.976157891004576,88.0720716573469,997.56618640805,197.5192636169625,90.95435963533836,16.43908800189357,58235.34061183453
9,Prune,Coffee,1745.1282615182474,9.39480590818195,51.250201318368696,1051.9322086254806,290.21924196451005,66.81944968277988,23.90789399208052,43956.23674858223
1,Harvest,Peanuts,515.071434395709,-79.12433848911087,4.059836688877249,1065.5516106322625,5.568286683187829,45.2032799311009,14.093189577497444,3725.4382206774894
8,Prick,Coffee,700.9824471322655,-2.482389307169683,90.54546426560216,970.836736830403,44.03666578477626,27.5690412596028,12.995798625357176,59881.96436257495
5,Hoe,Tomatoes,420.8693663374867,-2.4984710165590656,43.46426448408271,938.9182822542326,19.68118194345308,29.3111065134666,8.795660677900603,43846.83481854807
1,Irrigate,Cocoyam,1761.691426869814,-24.166088594255584,65.38835339413043,892.4376345084935,164.5245691199138,32.76256500397835,20.119111788604258,12658.863003380971
10,Fertilize,Cacao,1440.0557927879086,-69.09374660480117,36.21552212816608,1006.4466194135535,61.73092619048577,89.07965544661714,0.6644052570094559,7650.556724813995
9,Irrigate,Cocoyam,1689.968815657778,-88.41308463937295,96.49601325203363,999.5153415480872,239.63685262174548,73.70505252526769,13.692823065373974,48418.68653386333
6,Irrigate,Peanuts,220.6977812754655,9.804867950285072,27.663837336172257,947.4698738809686,293.20509448984694,46.9489531761067,14.355598304291522,28670.56955451001
6,Prick,Tomatoes,148.20486768121117,-24.23964598831637,54.74594605086476,921.0692500567956,207.07545611266968,81.49847403915615,6.917528016822102,96092.9570006677
7,Harvest,Peanuts,1294.563252036697,0.4700798344444763,14.632023998391174,996.7196205557334,163.4176481901812,81.5570915744064,17.022510314338664,58486.40760608052
7,Harvest,Coffee,874.9324557345248,2.9135318618159545,1.122013901295138,1042.0504065796852,17.51066286530455,67.16690596215763,15.667272947036524,96217.7783531966
10,Prick,Coffee,315.7666167214366,-48.53711132362093,25.311661770474657,1036.7935487960451,220.21018424958731,94.5498945981124,12.263980441428853,57537.02812123437
3,Sow,Plantain,638.3154024369924,-45.46998996304716,18.200294596175937,976.4311293998236,127.53556797694011,49.2356829090088,5.88005375949225,97867.1675507879
3,Fertilize,Tomatoes,1325.0562938230903,48.71816830272415,43.05126226683921,935.9094290175358,271.0552372209075,20.968813658653385,20.956928825681963,98949.19845178469
1,Weed,Peanuts,1257.341578095288,28.09559027969007,86.71955713660189,888.9376203665672,218.89545077506597,62.375886657941,23.873969821232556,87739.11249748296
7,Sow,Cocoyam,1686.1650100623597,-46.667533404700585,56.46570556855163,1056.164853929805,175.95961593272165,88.46502768284704,18.2485200234218,13676.503185760446
1,Harvest,Peanuts,355.5965893203588,38.31911296359793,88.00362590682904,1015.7631059365816,286.3235179462985,66.13294321197209,8.399325398537385,84358.17426029158
10,Prune,Cocoyam,1562.6435051733783,-66.483635072298,61.92364431196109,1034.3686091886257,10.321486164612004,47.57293226026786,0.4288261618577849,24693.894858086773
10,Sow,Cocoyam,866.9082455783105,26.36315453787077,20.908610139024773,1050.2927008098718,259.82859061854833,25.54655004236824,2.2619058392742835,31554.32143859005
10,Harvest,Cocoyam,513.5179795569674,44.50789658637784,39.701172141536944,882.5079449385031,267.65336906007553,64.66811382536764,19.211877577367435,40533.34318774671
10,Sow,Peanuts,1090.2820423783342,-33.22385518268013,24.45106761629208,966.527789489542,222.8555776691917,65.98983233591439,16.77036176924794,28184.44140752435
10,Prune,Tomatoes,1600.480044587296,-44.35496131301154,52.74632439716257,911.30985639995,248.23833672277888,46.46959109009432,6.660201505788977,1440.7038527182835
7,Harvest,Beans,593.9400769763403,-21.63725096136409,73.05406825493601,1037.4404284570878,131.67746701878815,2.957409490208596,13.039013332337491,85519.46272146922
4,Sow,Tomatoes,833.4427200162016,4.075963990124052,42.25240283703122,912.9494504997676,117.4102726090877,29.987754465650585,8.781143553891553,55148.63150310464
6,Harvest,Peanuts,243.33788198652124,-28.516668491260056,13.561479276512657,945.8395632350722,251.12258720164328,46.58459125658484,16.660996191907923,83243.34122816683
8,Hoe,Cacao,659.0316739719229,-38.281363357095735,38.1124377826773,1055.8089731217074,1.7897881265968474,60.09627154526909,22.20627023237004,32292.705236709706
6,Fertilize,Coffee,1660.329270915173,51.83961848912345,30.396114893956472,947.1397663616928,189.9848208668192,72.03067134539806,12.079068646567446,43500.758806908
1,Irrigate,Peanuts,1428.5112753247113,8.441624092339936,67.38352778271289,920.8265862945632,222.16822782651832,45.2447605619377,7.902338412396387,6799.581150904499
10,Sow,Tomatoes,1419.0406968497955,-17.74498169499182,34.40951399394091,947.274403457855,157.71179131715672,93.1206337368652,0.734545077615131,86956.6963395725
9,Harvest,Peanuts,982.2160067269132,42.878499710227445,76.74554851077768,996.844968586481,289.9203638124477,28.89812252352904,22.235571610660536,40546.532189713325
9,Weed,Coffee,1654.9135657635336,-21.585394953616785,95.742075825147,950.3930544309218,217.39595691374944,82.12087913600418,6.7700139515507685,93801.58071987257
8,Irrigate,Coffee,685.3018151278733,-75.53087411214996,45.49240646364044,941.4738717312164,247.5050406082636,61.49669444878997,9.98887669114626,68707.17143569155
2,Hoe,Tomatoes,1564.7332407163726,-43.53035829112092,98.59302273167496,917.947160704935,207.5590472809049,39.055052846841946,19.02189329676554,33305.27262596448
1,Harvest,Tomatoes,1725.3433616289738,-28.831482916197075,7.941452701349617,975.0609154975756,240.33765405508225,59.45721981071629,17.93280312856851,60974.281616715365
1,Sow,Peanuts,322.09862991780994,-80.93179416054268,85.30506142703574,904.522631236503,144.51541563714477,15.312334285666884,6.74307445340726,66801.52642304929
10,Prune,Cocoyam,509.59965499582535,22.01024835713571,15.145931410589242,1060.0698827903636,277.18338712053605,89.30601019433037,10.315856154278393,7150.083333821311
1,Prune,Tomatoes,189.45469700184495,48.20187270651026,13.833167718114623,1045.469866403272,60.00737001408577,89.80899433765715,1.0824346763883987,81613.9272489812
10,Hoe,Tomatoes,347.146926171429,-11.034216885582012,94.33289398508838,872.4171821470688,154.01554609557817,29.420184658671037,21.843420128793596,65489.94541080784
7,Prick,Coffee,282.7794056527956,-67.64734239763045,52.43595303119008,1053.7259647817882,245.70572405293592,56.03409824848639,10.893032665979902,87110.69953257318
10,Hoe,Peanuts,1652.0300230852824,32.16395623597715,22.119866796794497,1041.1389749319403,43.72505221145517,66.90971333467597,18.542213774683525,65545.67530728364
5,Prick,Cassava,1562.4841282153805,-25.67596251028592,39.13526467858245,989.4089067630154,161.5537487658193,34.72424632175102,15.820052775243866,63076.09173842649
6,Irrigate,Cocoyam,1736.3738412040884,-27.845428589804776,84.4752835628544,1004.5343323805644,84.64442282673602,76.68789457214396,2.0564468204476283,39481.94653368751
5,Prick,Beans,313.0893557222256,16.174439185834032,25.336374214860736,1080.4862866870362,294.5030371273217,76.55838946258216,14.690311108692972,20311.959907463504
7,Prune,Peanuts,1107.3359779232549,-41.15767975924411,17.41493104009987,934.5979450060717,78.0934483468001,65.04679557156733,11.410254503915723,94443.39070952903
5,Harvest,Cocoyam,699.9656008296391,23.573623913455336,77.86207335440854,874.9259509758504,99.83856333407444,33.26935481423191,14.924095202340183,60968.546814132686
6,Hoe,Cacao,350.09774304222753,-54.87615451466766,9.311179103382262,992.3303348863031,250.54782546225903,89.85864721714827,11.771030655373997,80139.13663992351
7,Prick,Cocoyam,816.1210870145786,-42.082149546185946,14.464100729167464,982.0815368403564,209.31188916343692,14.459208460056615,2.3679687522100688,80347.56837386418
6,Weed,Coffee,866.715148791071,-30.281333913565483,56.38868925146963,950.3163195669736,270.50229977583547,91.82942612825808,0.3319196474905199,10063.86815957082
4,Prune,Beans,1120.6828529349732,-51.5088266870664,23.79500342948976,878.8763707561673,230.0004156009926,12.112140265583504,8.494949490721476,26623.66072500405
1,Weed,Cocoyam,816.714796045308,-81.83774228245817,38.50271876583504,993.0732933735452,43.80707154946354,56.52145054110231,2.289118661066655,67186.43532168634
10,Harvest,Cocoyam,982.7715183663016,44.884561296195486,49.49117160026039,1032.279973388805,230.20176150021825,5.215775300553593,7.603519322444957,88595.84083451919
7,Weed,Cassava,547.2038580718078,-39.41503962097678,74.37446896277136,1018.6843221752084,261.541887705563,5.443715795240268,2.653624370040765,95756.35072482208
6,Irrigate,Plantain,142.39816863016026,11.972539145499397,87.21188024104687,957.3931235377496,213.1282126742992,20.962310173925868,23.05749281867885,81599.19035175719
1,Sow,Cocoyam,1078.563417098887,-82.30290462469004,63.91705906079482,919.6856068689284,196.52744822811505,93.01793386304853,5.693577151188668,1495.3880269059416
5,Harvest,Coffee,1404.2220653352583,19.944958216331457,44.29022465619015,1019.9922987717846,291.5890343651562,27.013277802359596,14.15235424998099,94345.92087808697
3,Sow,Coffee,1611.7082506617242,-72.74815874867859,64.7691898848004,1076.4660562803788,74.17931212423305,15.897878694242362,10.074380427999952,2902.675701624247
5,Sow,Cassava,496.374253562134,-24.60924904767909,66.82345409342234,911.4972233865964,103.22795932349132,59.10237245797473,12.600124239190672,40290.702711965765
6,Harvest,Cacao,1755.1343976575474,-27.08197170652526,18.014342364379353,919.994221644401,152.87785677599385,67.91068233528817,20.741268895678225,38469.82007433553
5,Sow,Cocoyam,1663.8254080025172,-10.053912468750966,94.58654163961164,978.2686470578708,149.03654723676988,37.40397341197564,13.27448581766672,24014.24888663164
4,Harvest,Coffee,757.0662706893879,55.17737685933123,74.17650121610745,980.3609322538337,232.980078180511,59.56472814695535,14.6298675633003,43386.6002476765
9,Hoe,Peanuts,1586.072416017581,-53.35460553450902,33.37703813143192,1076.1173810062542,44.19643186966666,69.87240255256175,20.609477717868074,62226.19758223833
5,Sow,Cacao,1611.4665078991625,-44.82000802581069,65.22914133817737,951.0230243519468,299.4879826620036,17.96761257605459,1.9755075765382584,44898.93333504689
3,Sow,Coffee,189.08001943959025,29.320889646455697,51.96461644501419,879.7495237396301,239.65070477463453,24.30574661800412,7.163671013779952,95735.53294955126
4,Sow,Peanuts,1083.4157740756507,6.947686616399892,7.647685831359441,939.260707112708,9.57248881596996,80.49052473841498,7.091094730661023,98089.89055209572
6,Harvest,Cocoyam,210.695973253779,32.557991629979824,56.53390107151404,972.4425119990088,69.62802031697622,67.99146678985502,21.86704616271388,60887.794851964005
1,Weed,Peanuts,129.09830987493774,-43.91384830775002,71.56443642776088,883.8656737228098,123.3044579622392,18.81213689642882,6.777629631379107,54449.891546929626
1,Prune,Tomatoes,1647.4990402517783,-22.804406931049456,86.72746239950756,911.9363111075404,14.608737094584878,35.74627300760535,19.707859626541826,57872.73676218387
9,Sow,Cocoyam,952.5146393493238,-44.34769357628758,31.68639343778249,965.9920914570788,291.6762871712266,64.35909923662949,22.738924064787472,79577.76190176142
1,Hoe,Beans,616.9996885620407,-3.648313094122457,78.20722502150035,1048.9683294997026,131.89235842328557,72.29164037687075,3.352313192994516,74099.9421518955
1,Prick,Peanuts,348.08600758599385,-2.1106495020615625,89.00597501642213,998.5182973937314,280.2888152593917,98.10135648488412,3.280223951830425,67287.13856579036
10,Prick,Cocoyam,452.8035837700343,-89.17892134647374,45.40665795766336,1000.3513381181082,20.550455957616094,11.012651906103956,17.671095899317468,11239.647681027109
6,Fertilize,Peanuts,1761.7896851895318,-76.25490921592305,92.41916726212015,887.5828817204028,132.06611120078406,32.424619932183894,2.2239895242115075,37464.49314610365
2,Irrigate,Tomatoes,982.5301212989468,27.33304815411917,33.725773502693315,968.0409058245048,105.190699683507,25.139536003720085,0.9667200110943835,25997.524138271965
6,Prune,Cocoyam,52.16000717439926,-48.6547156075608,82.73888408845716,930.4309663555348,203.87593740527257,25.02291642102624,18.353949307237748,17377.92238972883
2,Prick,Peanuts,404.67231651655857,2.5205581661803222,33.98176576643961,871.9784157935034,215.75584916514,18.07988403481968,4.562396813683662,19887.53683843899
7,Prick,Peanuts,43.42977610539549,-65.5505461427627,90.47057755048978,984.8378882552836,288.4027100497491,38.75230016551037,15.845397463137116,32218.90363654569
4,Fertilize,Tomatoes,129.36465034032136,-47.36227973925155,86.68345554768483,981.4762800566192,53.65683248798244,10.750694011777473,5.741449585980866,53814.21547859263
1,Prune,Tomatoes,953.5175184829512,-45.04710686035653,94.83673088062594,983.8290888351132,176.9509926158323,29.514664639153,2.527071023415392,34258.72980460699
4,Harvest,Peanuts,401.33716459013226,38.966107586110255,99.9744060714204,961.8203372986673,116.00286757367476,56.20347592998716,13.000179527838014,71006.14020960289
1,Prick,Cacao,525.1155311347823,-40.39588798552906,57.6338965238492,961.238506929932,193.77881635466792,86.31321746867326,16.04694558314815,71662.7048474583
5,Irrigate,Plantain,539.5959456344683,-83.6903585691042,94.37641062089094,871.4080406086548,259.24253669770394,68.42740971378802,16.14389142120211,19893.538933948264
6,Fertilize,Coffee,6.430425904505421,-43.803775226589,58.567808168569805,993.1754685817344,161.60786526868628,18.40950505749528,11.479836234828038,83708.10118128361
4,Irrigate,Cocoyam,1017.5007888244752,-49.60406374556096,37.32980418450053,965.4520565598694,53.66740058765375,23.78657907901164,10.249254549493608,95286.8383365646
2,Prune,Beans,147.7470865093458,-59.62870983402123,38.03738564806085,1018.6326388328176,76.22744109114589,13.6751089397693,17.245887379379706,31516.03022113111
5,Prune,Plantain,1491.7564406835252,-84.88814431474808,8.787475493741715,916.1510892536672,86.82684861923882,39.59589440163922,2.390034475150303,46193.66616956487
4,Hoe,Coffee,892.2451008428708,52.68312283080611,77.6396556918917,943.66628454309,160.9538863485398,45.49552643814333,15.333512685634217,15535.112188967993
1,Prune,Tomatoes,166.03000510410152,36.34684137423479,78.2842737095085,1073.246638461677,249.475072827844,95.92937640240982,12.9747565967781,47026.79988913328
5,Sow,Cocoyam,1306.3215099026409,-87.85060478864993,95.80506758816742,1035.61174755088,61.06460671720424,31.58696430889194,5.973266846424679,57444.82562356126
3,Fertilize,Plantain,1323.025815290002,-52.28785511202609,16.37135405912521,889.3016009395864,101.8067030192053,56.98164075575405,8.047981799207335,30714.77238119984
7,Prune,Peanuts,328.62241394830363,29.13874489436327,72.60980164648976,881.812580993951,18.632150502724443,58.9435070497978,5.951929171239658,71775.70892762287
6,Weed,Beans,279.4801704399364,41.82265069725794,36.66885300912666,892.1937650395822,63.91581000500469,15.766123752768967,19.8224463023614,71746.80806210892
1,Sow,Cocoyam,1787.6453813039902,-26.5449916944629,55.96123873473285,955.6649647840442,61.64171732972117,23.053278287431123,20.592645780299744,79773.51245781677
7,Hoe,Peanuts,71.13926142910738,-46.1557595054306,36.08629934924916,966.882448927536,109.91948952435132,30.68266726065112,10.1501067761196,39566.74633177662
10,Prick,Peanuts,1268.176367623283,-46.09339351008972,56.22189281075288,958.8244196726986,50.19402928964983,39.18220737440973,10.602905357020417,52381.00017697646
1,Sow,Cocoyam,1325.3965635487225,-24.333780013480904,40.720483007291854,932.4613526413308,160.70991573569862,25.518643008385567,5.690667430133376,37737.337909922186
6,Irrigate,Peanuts,876.437176287813,27.02679480627023,83.20825748408373,964.5379533855248,113.45499145924671,25.33484483369858,7.0594615737001405,51872.75618868759
6,Irrigate,Tomatoes,1425.7675611645204,32.36887128926276,15.635674680200673,1075.859631344144,37.800257677136365,2.469857219896887,7.534929518850952,61339.67463300312
4,Prune,Peanuts,1616.7648820415427,3.326665614249734,67.6005170877826,987.793427646521,13.662577522909167,53.979672483574426,17.597301291674427,43850.49223242118
10,Prick,Beans,892.3485462154122,-41.03707354572094,5.149848425158387,1019.1148437702714,96.88340687055684,24.270835747042195,4.232588373911147,18513.884108317736
4,Irrigate,Peanuts,74.19399675969262,6.39781966228729,77.71713695008035,1019.8687508424368,96.15460713438408,24.78791334840227,14.284347833199307,45016.99897173917
10,Prune,Plantain,1401.730676537705,47.846314938455706,99.01455708649274,1003.0873230485264,163.6371440406356,32.370284241313016,6.204056787208974,4687.920847601279
1,Irrigate,Peanuts,1158.2790905398492,-59.24028383042053,66.21175298318603,910.8528981092252,136.37750466185298,36.22487947847628,15.855231130337716,22923.068482187336
5,Prune,Cassava,1146.3054646924463,42.703327069526026,15.256247446255,1041.3299565985865,91.36552600727184,40.02423503066358,4.033426227036113,71350.37229015854
10,Harvest,Coffee,1330.2949758075283,-73.20937464536772,47.62777877930237,1071.0192643257492,243.4116318126993,55.19942429265936,5.566403098086619,23821.176160594936
1,Weed,Beans,721.3426298907034,-34.40783088372248,16.74677764695266,1060.2580714319909,83.91742370917248,85.92758389306351,15.127457253594606,14897.016190533495
9,Hoe,Beans,109.88721071635264,53.53701135814417,51.15474670016293,1057.7294188313226,215.44445340153248,64.25695720975281,15.270837202858424,28302.32992875944
5,Fertilize,Beans,827.6593845202224,-10.616745315613116,27.35248695290156,1019.8971082547844,284.081706556374,80.33372522181645,2.3986501137085066,10139.436904948396
8,Harvest,Coffee,822.5935770286138,-61.7830041657715,42.7671179256347,905.9018873533068,250.91329813814383,31.609850430786203,7.67871408689013,43989.274527163005
6,Prune,Cacao,1402.0800393578688,-45.12132149292928,44.79535544239933,966.0753511557356,27.19911921785695,88.98663148836962,14.86472822726617,64300.87274252888
4,Prune,Cacao,654.9547302516479,-77.44763623664187,7.783337427501413,1078.493748564275,128.59627709862949,67.27334161835444,16.776961766796518,99373.81088979616
6,Hoe,Peanuts,1035.0278211744771,-74.80785246889124,44.07047500534328,950.6295018235156,135.5019694136331,10.067524731020647,19.723275567350804,58186.394265752926
10,Harvest,Coffee,474.7189564501385,-72.361930451565,15.145412148039185,871.2131590090895,1.6275459674801596,30.402366900078786,12.115794844645906,47264.90090834456
1,Prick,Coffee,712.9342859200707,-21.49771622159038,10.46955025451065,892.2823214604311,147.94641948426948,91.788555547435,5.476858125387276,8159.842568029207
1,Prick,Plantain,1620.7104650844797,-68.09915150099508,71.98378327553566,1001.9223325753604,63.378715280543865,65.08774162808811,21.4462024369747,38629.4845563808
1,Prune,Cacao,1421.670886439122,45.215591705194086,83.74281661871069,1016.1587642884476,228.17562018528804,45.51218750218669,2.909242203980358,12406.717731489802
10,Harvest,Cacao,1474.7582228416743,-78.52323256989678,34.88159366293581,880.3194110182742,91.89329734270612,25.14098364170402,5.76689341376172,56785.44541259165
10,Weed,Cacao,878.7722629270096,-32.947355296473226,83.6889362406381,1036.6065600705929,157.75924718172237,53.92072774075316,13.65374164068654,42977.274208392526
6,Sow,Coffee,1306.6770964387506,55.60950079731448,82.85934460350097,1001.713169338484,298.98475046274194,5.160908269234465,6.941712563711637,55281.65574150904
8,Prune,Tomatoes,314.240057633818,-67.0455258220104,8.412572835531051,889.510005711183,36.84620657755774,72.32359116832646,3.289297062094386,90077.75070154884
1,Weed,Beans,1010.3122529779192,-44.006205043476605,86.73563260690973,969.5215378582028,139.41698127711518,78.6529975844682,12.017768798373403,73498.4477789153
6,Prick,Cassava,657.5653845535255,-12.196912250872517,15.723398191597992,1040.3636866263062,166.35797488801555,16.977786230437065,18.79669322959956,71889.6490931953
5,Harvest,Tomatoes,298.80491737429145,56.491741592939846,89.83825888238283,936.7524805185504,207.4129672574276,61.41540024336489,21.8044810077532,42760.293191894
4,Prune,Cocoyam,546.6368590403627,-8.58337260910207,10.43535109682665,1016.2073909943064,259.20402983908383,12.590249112624829,20.00617524738317,37421.598884439256
10,Irrigate,Cocoyam,961.0563428456963,13.617732865100749,89.2937060686534,979.2018112145408,68.27095485922669,49.35675388070884,10.143190639914293,38982.76853102737
10,Harvest,Cocoyam,102.50635704965173,-20.407053160680064,63.21313097391514,982.487506973166,289.36170814508057,52.15273602156595,1.3805008939444043,10706.116720533366
1,Fertilize,Plantain,224.6054597235081,-3.58804233958665,7.243132147140374,882.3221094656803,53.79534267053418,53.49212041040877,13.210876559917764,93456.43647417714
7,Weed,Cacao,1232.5055230272376,-82.38172503654093,22.056005471245346,977.9810937452812,54.83797231661113,20.82161870085627,19.656723350434326,89239.32963436615
1,Fertilize,Peanuts,632.3600879671516,38.0093149899847,95.32123826458567,967.4312883915368,283.7914192734597,64.60932861939727,16.474465989624655,37331.23732447627
5,Prick,Beans,801.6545318915003,-37.69215194215215,92.71178358024537,1012.8242361593,213.7818706920673,47.0628363494593,23.67033597709916,29021.19407168557
6,Prick,Tomatoes,1143.6158434863871,18.75321351684097,21.70994080113573,880.4098368201791,258.4374832350116,11.281183907041925,20.771924029820067,19356.279319507277
9,Sow,Cocoyam,1689.6819247748265,-83.62551449295395,99.1134754867818,994.2292608021836,33.047981161758614,58.92355465148751,21.319362124412187,50531.36885940644
10,Irrigate,Plantain,1104.8124598135598,-29.109888827640404,28.072228783396916,961.9766974420462,250.12332093439693,27.6722807339469,12.036927413493563,45121.93825050047
6,Harvest,Tomatoes,794.5255788162885,28.92666901203364,64.62838024138635,1039.9727728380497,16.5912990122961,97.87347289018822,0.4395642579734904,63196.34236994077
6,Harvest,Coffee,1180.377506460037,-30.482316906631475,73.60217096601703,1009.8296093876064,253.98811785840184,71.03579740222129,17.0187329697271,58251.30477378825
8,Irrigate,Coffee,592.1983859415728,-15.95945283880458,55.86067364504154,1042.1791320940538,17.586858786092876,29.19981052194589,3.9292822564902,59136.72823525548
6,Harvest,Peanuts,1298.8340403760596,-9.908126694646484,63.16061957635721,932.485875437362,4.389429934878908,22.15914818848446,20.57895545833381,71018.98943860013
4,Irrigate,Cocoyam,35.413379940350566,47.036220416306335,59.151184694665005,887.0334253986556,298.3109461229625,17.63797533600371,19.714928195348357,11357.52175363498
3,Weed,Cocoyam,955.960986178667,-6.892358404879687,36.06309837738696,1020.941203631147,208.91876234631508,2.54928569152969,15.8929143236656,55514.39864133408
3,Weed,Cocoyam,196.05585908516304,-31.05221367859912,31.933872099370355,944.1594324770326,132.2805078285392,68.19844314365511,11.398062887004382,13603.925643609038
3,Weed,Cacao,750.3426922754126,-51.040556216235736,85.51110310345591,1007.1363460281424,118.4314563909264,79.98601154442471,16.029437745086373,52893.78944999726
10,Hoe,Peanuts,1183.115178896119,-39.30284667728803,66.12318995901319,960.538441615932,203.4223245540776,14.761778829889128,15.330012457004871,44982.63269654458
1,Sow,Plantain,1719.9895716183094,-68.62259570800805,52.48106177547773,1009.1529127441736,55.52654442617057,6.8742196972008,14.5112277549511,28352.902668542145
6,Harvest,Coffee,643.1563988350504,-63.83417480123559,13.238079606371532,936.1103744071754,243.02748832817227,29.13404702644732,21.80863726772672,53082.80070486911
9,Fertilize,Peanuts,1301.4537506339277,50.064051013403045,35.65737818962857,984.218758616072,80.57421769512311,78.29795800127917,4.889205644952761,7345.139130973089
2,Harvest,Coffee,502.8799630452602,-62.76577936309366,97.71588003408569,1010.8473918393868,70.21613594846409,66.92472637133245,20.87807146227978,75732.1915538185
3,Hoe,Coffee,284.63572397596795,50.68171036307815,23.26260806007282,894.6151537846467,115.80195924641784,17.56522121382309,16.9761477607013,53314.6097528828
1,Prune,Peanuts,1151.503403309287,49.68643576537384,16.67424092995344,947.182205877962,189.1793179774488,61.85731099103276,5.341588769107355,67812.46749763486
6,Prune,Coffee,1244.7457137258832,11.827572246190854,17.065673105630317,889.4381011244177,16.402296541528337,83.93107124613239,4.154954400867644,4081.2591151227375
2,Harvest,Cocoyam,118.42157282834916,48.09530268043552,63.5897295728394,996.8785629373748,159.37581327601038,94.0100876050274,9.23620801847749,69223.38380918354
5,Harvest,Cassava,224.27527676777595,-36.58042384619462,12.843930163993956,923.036472886633,160.79061576310104,18.72657525664102,9.85039651289776,74666.04850619345
2,Prick,Coffee,419.1127784662909,21.05809782423616,55.59991151930852,1009.1660535452028,231.9112383727553,30.74338192345396,2.761867042005375,84160.09127433624
6,Hoe,Cacao,98.49581146161928,-3.413351769750463,81.13257655059365,1076.9181885966193,168.82773136558097,97.29212872991997,22.981786752285977,49485.25776724605
10,Sow,Peanuts,39.98054613164683,-10.342718537843156,76.51282616166802,1061.5821778042562,112.7105984730388,83.68486431376277,14.5172787146427,9622.495582181678
2,Hoe,Tomatoes,301.7761837296309,17.17553763309222,98.28423916588972,1055.3313795701374,103.3912624349153,51.49441579733848,19.304015091768814,17985.333149218673
9,Sow,Tomatoes,554.8731874291666,-9.673211396003936,79.45207365632095,999.2293703870772,271.6749765444472,85.51902348523578,20.122946873983658,83909.12609466606
10,Fertilize,Peanuts,988.6685961218648,-42.0477169991652,40.004917469481406,1012.3492895064012,25.485835691849413,22.377292063473508,15.059191181015455,13518.375818249096
1,Irrigate,Cocoyam,184.20135131230492,-63.360284174675535,42.094812431591386,928.8312786013496,213.12314051310204,55.40678102821916,20.4056196522788,20367.62528209045
1,Sow,Peanuts,575.6306715469617,26.304555383292524,49.81677528427325,930.7904929170658,268.61878763780066,77.59144485746572,15.277405496982064,34920.406466508306
10,Sow,Cocoyam,256.4637969254076,-63.89598324436646,68.05099007349567,1039.5443361836833,107.86134321260484,27.6004438277054,20.76401604081361,19147.316945328574
1,Harvest,Coffee,786.7306354344224,31.58482021891888,68.47894700601276,890.0696654947383,43.18331588779025,5.827712994177103,19.71394976922229,5459.521946155422
7,Prune,Plantain,1402.2173499088192,46.23010029071072,0.9221613018961516,1079.4375257455388,267.4816921189484,44.57308175977126,4.126848543112182,49058.32342788359
5,Irrigate,Cocoyam,1762.505012190761,-65.45456855780175,37.24759890049469,1042.7795255423662,272.9576643026125,39.28949905625667,7.46888174270524,56763.59249119784
5,Prune,Cocoyam,421.8128236745288,31.48770800779029,8.911006576245972,1056.434934073584,92.29245241921706,51.50479822342028,1.389494974247011,71797.30132338103
10,Harvest,Cocoyam,58.30809176542815,-42.64768054706233,37.63946320348903,890.572098559325,205.31999477341304,61.657544705825615,23.368008224772588,34206.37136144302
10,Fertilize,Peanuts,1605.2526173392191,16.375148595544687,51.26821001658556,960.4833634425382,134.0624965752447,42.09505354790325,18.054620180418997,4364.070002464604
1,Sow,Cocoyam,934.127678072706,-71.88830800085356,30.36030934470534,954.8690365740272,263.00905101590456,30.23160817968733,18.08829553456806,36238.01302960605
1,Hoe,Tomatoes,710.2338598251154,0.4660742357300194,1.8500887926904963,890.604488280588,238.49116356845693,73.58341508041005,9.528214920844343,56067.033446788206
10,Hoe,Peanuts,833.3564344034135,1.5841522940199866,88.98456870549285,898.2000625478523,283.4597607378172,32.14849273287249,23.359947960670528,93364.03421504676
5,Irrigate,Plantain,235.25165645992143,-57.77383157578131,76.0160253856909,1062.3308098486846,112.60406723680524,30.841370304548445,15.733347183483032,19531.396898371724
4,Weed,Cacao,391.35030112989966,-23.712823349414837,68.00564451961387,1000.964495971258,254.56174838957568,21.39317143580467,22.550940054388214,40332.93883982755
6,Prick,Plantain,408.1068415958685,5.87401578700522,10.398767132261632,1041.7611094673716,64.30607300914741,57.553575133941656,20.002244594049944,19212.31196439832
7,Harvest,Beans,1062.5840959824925,8.210629814145932,90.61166128055882,983.4447205698804,236.42640470734648,60.57665113753522,2.434555460497343,49316.28705749296
9,Irrigate,Cocoyam,689.2025930291036,-63.12143995742701,48.32435688003305,1059.220704947867,180.00803779037744,34.458391701121386,14.24331296831933,10772.100316820366
10,Irrigate,Peanuts,85.2784817119994,-37.3047136337331,65.58463993559135,1045.8436065268734,164.58058173656588,67.06819184731441,14.096729130130594,39915.92385927749
1,Sow,Cassava,834.7257766806147,-8.644993515953459,83.11683943778623,948.0158782446284,173.5043774374149,51.05054859991151,9.961722712105768,62734.0915213458
7,Weed,Coffee,16.616361620491695,49.012202998426616,78.97487275347224,938.6493089827064,210.32399198586688,61.04159292473078,16.411395495495793,16976.29239356747
5,Prick,Peanuts,73.87898004246016,-27.45590540177563,6.202044511171767,1070.153022184795,297.44118491899565,58.32350501700495,10.727874476376766,50769.16639301886
10,Fertilize,Coffee,1187.5539744485304,-11.538744042754756,38.19994245127344,965.3782711139768,199.4533887325606,57.97105382185052,15.944832432672342,46579.735528687714
6,Prune,Cocoyam,721.7981203033139,24.18698293105146,29.3714010996808,926.1799565895652,108.84759033783104,94.03487320338962,4.545746742556181,17599.778575617485
1,Fertilize,Tomatoes,1111.76805100736,-78.87464441481086,34.89311833810582,876.5543993635819,73.77830373521786,14.61569526608788,15.887486473342062,30348.85033745659
10,Harvest,Peanuts,1536.806429837096,-21.308430747365293,22.618194411566773,897.5505289152218,187.57932484286425,24.643460105584424,18.105036123236044,56492.321496322606
10,Prick,Coffee,1552.9663170343538,-46.1316380896708,64.89746152452886,922.9459247387096,37.030213696340105,20.556554300967523,1.1298439273748624,90800.86523462608
7,Fertilize,Coffee,877.4554482628585,-5.449897833439394,55.90455382240816,931.0185339027732,209.472792745103,73.35548966011336,4.165578641003388,88496.44078945999
9,Irrigate,Coffee,459.72883483010025,28.855268739218403,51.34463795578665,922.3981726256432,52.72127701760159,21.612192588281488,12.353174117027628,50950.303391534726
9,Weed,Cocoyam,1531.319647317612,12.019283510162794,49.68341063888294,1069.6453072864333,206.0401486462575,57.26310558179021,1.9217235083604791,98528.26517720571
1,Harvest,Beans,1606.801885681267,-77.88858446029417,3.2590067621097507,1055.2539499509912,38.87920708825092,98.66017872256408,15.421943478056876,64366.800106641786
10,Harvest,Plantain,952.734944508435,50.15679862400641,97.6925310887485,1021.523375427701,64.51745923487799,94.78651959043766,15.09759285408606,8820.488414096139
4,Harvest,Cacao,824.6272593619271,56.67039047358149,24.71701060004151,926.075206970016,12.36714261019407,32.74635715873798,15.61524842079459,45182.718607250994
10,Sow,Coffee,288.71316674736863,-17.580000487065035,37.14706905799298,1071.9528572823056,25.159532256457297,91.25327420310956,11.244658253012927,23303.129075866924
6,Irrigate,Plantain,1423.661126929447,-88.28090248856655,59.57816106593378,978.3738865613587,182.8184706113332,15.174712029044768,19.95626511954575,45352.25345906012
4,Sow,Beans,468.917063773182,-39.2898598306356,53.201563570363184,1007.2941420193002,154.0164062568328,58.37130401962815,23.81665918123912,70512.06123080193
9,Prune,Beans,325.37728729619755,-73.39430599848635,83.91238582538557,889.9634511294581,147.81047462329283,25.98133734127559,20.177662603107077,42061.47008571122
1,Sow,Beans,462.81761510076393,-70.95143876464398,69.01437175826518,1048.0456674550028,298.4390165092194,45.01740875624076,3.6638841302297296,33535.16338377313
7,Weed,Beans,23.794804734660516,-13.35880015555,28.103983342495415,901.4872523400752,51.83310421245307,49.04732911850911,17.944571356787062,69266.10480231207
2,Irrigate,Cacao,354.4258708483817,53.3006862562071,85.60822755838593,999.1375658069896,176.59878294557583,84.90894441704803,0.1527053475540354,94494.80521028183
7,Prick,Peanuts,377.1760319775941,-48.38594913247249,74.15050210702712,1006.5869178599976,146.83729563657195,58.16143820501959,10.555790568522331,94804.98632729107
6,Harvest,Coffee,1544.2347108845422,22.898718000090085,37.70472943922212,939.0490283867754,240.315205623025,36.558016307570185,8.639088264298834,14882.67734071328
5,Irrigate,Peanuts,701.4029711858178,-62.053498660941855,76.40366620378707,958.752149839073,23.84699730764152,73.75864302405216,23.471593116814454,92896.5368501623
2,Irrigate,Tomatoes,1590.0899851047957,-60.88774842189786,71.8171281228679,909.6344605409106,269.06073764307683,60.51472706281731,11.942914598716053,53583.25413385694
1,Prick,Cacao,4.435109829539341,-72.98399809802702,15.142021339355727,1071.4636034346672,166.9422930372888,39.363480158757234,15.88040893161347,89445.98370195545
10,Hoe,Coffee,534.3802050212039,-10.346876210042808,71.5792654936638,1058.0922573112764,118.29454548424825,39.57002791821572,1.7119778371378258,33672.845300482724
5,Sow,Cocoyam,990.3337676864091,-46.2514562254555,42.01614774042941,975.1281477360768,175.84353622848005,30.960603056989044,22.8624856525706,49399.08137117126
9,Harvest,Peanuts,1479.2399821923157,-5.802987232047087,87.05669752670447,964.3497555732245,130.41423393565913,73.74290462013342,0.2864862856333801,18261.666407576628
2,Sow,Cocoyam,573.7971385080876,-38.0951486494379,76.23658163601958,980.4978280706598,175.65838665880736,24.28064929439856,12.295208757854592,81085.84151027775
7,Weed,Cassava,1711.7708470257344,-82.45011383682217,5.951418385421126,1023.5770720291032,96.8426370200325,54.13104503866467,8.852829288428659,59482.494931517904
6,Harvest,Plantain,1457.1735733843284,-0.7434383676905156,1.5871058776314229,982.5423001676544,87.18448576237282,86.80810083544641,5.682289991227266,76312.93276061608
2,Hoe,Beans,81.52451531458851,30.760466479761305,31.63389585341062,1031.8936232583883,167.0621135053143,48.10124499805657,5.691617476502141,14222.595234490298
6,Fertilize,Peanuts,1653.0077070540206,41.5855574223725,75.85910631600792,1034.1838522975745,115.39281810945948,33.143207311164346,4.64478392039698,5843.587532786542
3,Sow,Cocoyam,1130.2761722047385,0.2981747093483733,12.974293996420592,994.106282975199,130.928624534875,91.24256416698792,18.533700178649205,52103.71724291487
1,Harvest,Peanuts,1055.5459882201355,-85.45974815594901,94.7534764211558,1004.7487181036424,31.65108829194847,67.5128411074016,20.364629878587483,66448.68002063179
4,Prick,Coffee,1497.7552811804817,-85.04990265271837,52.24724088504262,933.750133763878,60.18842898497996,75.77910348813968,21.518284777530237,83723.79516126486
9,Irrigate,Peanuts,987.676809579354,-19.027379999703484,20.85268857324255,879.6397635956082,131.19394459642663,34.154484423796696,5.0097724139157975,10358.5764672002
4,Sow,Cocoyam,581.3075751794054,-61.8261549069058,1.640160050872741,1056.6049940852822,67.0501257077419,82.68754819255268,2.7724785039918576,76810.91473128238
10,Prick,Coffee,113.4095314390967,21.282185461520925,1.4924870371301524,1017.6819686493868,64.1006730063724,93.04744589778112,15.702253224143092,42386.34473636951
1,Sow,Cocoyam,1503.1343395705044,-0.1421139577658863,3.17148722555044,893.9445581549746,239.5374907337423,6.02054643903548,18.5240202377551,10698.633323464246
7,Fertilize,Plantain,1181.9567154266824,35.218350259204215,30.95183687290438,881.0047729922753,162.45376492769543,40.79006038770852,2.656401152814748,72730.34897292206
4,Irrigate,Plantain,1261.3853812060588,-41.16772765321174,70.87275508903149,1041.4528675835058,153.02964992056835,41.8482197101763,15.17701011820303,68605.70110859662
10,Irrigate,Coffee,868.1839065365688,-24.437546894166346,81.1104037209554,977.8322470292726,172.0626505836242,32.22572926365701,15.505592974733746,78192.33014753523
7,Harvest,Beans,1661.003433429269,1.304913317861292,26.97231591120636,972.736043998161,283.98173576575687,86.31962534248717,13.48148751036835,54041.54325845187
6,Sow,Plantain,1636.5132123925082,10.09122227791859,25.3815894359253,962.9619254866776,52.90186884649216,5.48330044747577,4.999641634889273,72250.15591634018
